Titulo;Abreviatura;Tipo
Tesouro Prefixado 2006;T Prefixado 2006;Prefixado
Tesouro IPCA+ com Juros Semestrais 2009;T IPCA c JS 2009;Inflação
Tesouro IPCA+ com Juros Semestrais 2008;T IPCA c JS 2008;Inflação
Tesouro IPCA+ com Juros Semestrais 2007;T IPCA c JS 2007;Inflação
Tesouro IPCA+ com Juros Semestrais 2006;T IPCA c JS 2006;Inflação
Tesouro IPCA+ com Juros Semestrais 2010;T IPCA c JS 2010;Inflação
Tesouro IPCA+ com Juros Semestrais 2045;T IPCA c JS 2045;Inflação
Tesouro IPCA+ com Juros Semestrais 2035;T IPCA c JS 2035;Inflação
Tesouro IPCA+ com Juros Semestrais 2024;T IPCA c JS 2024;Inflação
Tesouro IPCA+ com Juros Semestrais 2015;T IPCA c JS 2015;Inflação
Tesouro IPCA+ com Juros Semestrais 2011;T IPCA c JS 2011;Inflação
Tesouro IPCA+ 2015;T IPCA 2015;Inflação
Tesouro IPCA+ 2024;T IPCA 2024;Inflação
Tesouro IGPM+ com Juros Semestrais 2017;T IGPM c JS 2017;Inflação
Tesouro IGPM+ com Juros Semestrais 2021;T IGPM c JS 2021;Inflação
Tesouro IGPM+ com Juros Semestrais 2006;T IGPM c JS 2021;Inflação
Tesouro IGPM+ com Juros Semestrais 2008;T IGPM c JS 2021;Inflação
Tesouro IGPM+ com Juros Semestrais 2011;T IGPM c JS 2021;Inflação
Tesouro IGPM+ com Juros Semestrais 2031;T IGPM c JS 2021;Inflação
Tesouro Prefixado com Juros Semestrais 2008;T Prefixado c JS 2008;Prefixado
Tesouro Prefixado com Juros Semestrais 2012;T Prefixado c JS 2012;Prefixado
Tesouro Prefixado com Juros Semestrais 2010;T Prefixado c JS 2010;Prefixado
Tesouro Selic 2010;T Selic 2010;Selic
Tesouro Selic 2009;T Selic 2009;Selic
Tesouro Selic 2008;T Selic 2008;Selic
Tesouro Selic 2007;T Selic 2007;Selic
Tesouro Prefixado 2008;T Prefixado 2008;Prefixado
Tesouro Prefixado 2007;T Prefixado 2007;Prefixado
Tesouro Prefixado 2009;T Prefixado 2009;Prefixado
Tesouro Educa+ 2045;T Educa 2045;Educa
Tesouro Educa+ 2033;T Educa 2033;Educa
Tesouro Educa+ 2032;T Educa 2032;Educa
Tesouro Educa+ 2037;T Educa 2037;Educa
Tesouro Educa+ 2036;T Educa 2036;Educa
Tesouro Educa+ 2030;T Educa 2030;Educa
Tesouro Educa+ 2038;T Educa 2038;Educa
Tesouro Educa+ 2043;T Educa 2043;Educa
Tesouro Educa+ 2041;T Educa 2041;Educa
Tesouro Educa+ 2047;T Educa 2047;Educa
Tesouro Educa+ 2034;T Educa 2034;Educa
Tesouro Educa+ 2044;T Educa 2044;Educa
Tesouro Selic 2026;T Selic 2026;Selic
Tesouro Selic 2027;T Selic 2027;Selic
Tesouro Selic 2031;T Selic 2031;Selic
Tesouro Selic 2029;T Selic 2029;Selic
Tesouro Selic 2028;T Selic 2028;Selic
Tesouro Prefixado 2027;T Prefixado 2027;Prefixado
Tesouro Prefixado 2026;T Prefixado 2026;Prefixado
Tesouro Prefixado 2029;T Prefixado 2029;Prefixado
Tesouro Prefixado 2032;T Prefixado 2032;Prefixado
Tesouro Prefixado 2031;T Prefixado 2031;Prefixado
Tesouro Prefixado 2028;T Prefixado 2028;Prefixado
Tesouro IPCA+ com Juros Semestrais 2040;T IPCA c JS 2040;Inflação
Tesouro IPCA+ com Juros Semestrais 2032;T IPCA c JS 2032;Inflação
Tesouro IPCA+ com Juros Semestrais 2060;T IPCA c JS 2060;Inflação
Tesouro IPCA+ com Juros Semestrais 2030;T IPCA c JS 2030;Inflação
Tesouro IPCA+ com Juros Semestrais 2050;T IPCA c JS 2050;Inflação
Tesouro IPCA+ com Juros Semestrais 2026;T IPCA c JS 2026;Inflação
Tesouro IPCA+ com Juros Semestrais 2055;T IPCA c JS 2055;Inflação
Tesouro IPCA+ 2050;T IPCA 2050;Inflação
Tesouro IPCA+ 2029;T IPCA 2029;Inflação
Tesouro IPCA+ 2040;T IPCA 2040;Inflação
Tesouro IPCA+ 2045;T IPCA 2045;Inflação
Tesouro IPCA+ 2035;T IPCA 2035;Inflação
Tesouro IPCA+ 2026;T IPCA 2026;Inflação
Tesouro Prefixado com Juros Semestrais 2029;T Prefixado c JS 2029;Prefixado
Tesouro Prefixado com Juros Semestrais 2033;T Prefixado c JS 2033;Prefixado
Tesouro Prefixado com Juros Semestrais 2031;T Prefixado c JS 2031;Prefixado
Tesouro Prefixado com Juros Semestrais 2035;T Prefixado c JS 2035;Prefixado
Tesouro Prefixado com Juros Semestrais 2027;T Prefixado c JS 2027;Prefixado
Tesouro Renda+ Aposentadoria Extra 2079;T Renda+ 2079;Renda
Tesouro Renda+ Aposentadoria Extra 2059;T Renda+ 2059;Renda
Tesouro Renda+ Aposentadoria Extra 2049;T Renda+ 2049;Renda
Tesouro Renda+ Aposentadoria Extra 2069;T Renda+ 2069;Renda
Tesouro Renda+ Aposentadoria Extra 2084;T Renda+ 2084;Renda
Tesouro Renda+ Aposentadoria Extra 2064;T Renda+ 2064;Renda
Tesouro Renda+ Aposentadoria Extra 2054;T Renda+ 2054;Renda
Tesouro Renda+ Aposentadoria Extra 2074;T Renda+ 2074;Renda
Tesouro Educa+ 2046;T Educa 2046;Educa
Tesouro Educa+ 2039;T Educa 2039;Educa
Tesouro Educa+ 2040;T Educa 2040;Educa
Tesouro Educa+ 2042;T Educa 2042;Educa
Tesouro Educa+ 2031;T Educa 2031;Educa
Tesouro Educa+ 2035;T Educa 2035;Educa
Tesouro Selic 2025;T Selic 2025;Selic
Tesouro Prefixado com Juros Semestrais 2017;T Prefixado c JS 2017;Prefixado
Tesouro Prefixado com Juros Semestrais 2014;T Prefixado c JS 2014;Prefixado
Tesouro Selic 2011;T Selic 2011;Selic
Tesouro Selic 2012;T Selic 2012;Selic
Tesouro Selic 2006;T Selic 2006;Selic
Tesouro Selic 2005;T Selic 2005;Selic
Tesouro Prefixado 2005;T Prefixado 2005;Prefixado
Tesouro IGPM+ com Juros Semestrais 2005;T IGPM c JS 2005;Inflação
Tesouro Prefixado 2025;T Prefixado 2025;Prefixado
Tesouro Prefixado com Juros Semestrais 2025;T Prefixado c JS 2025;Prefixado
Tesouro Selic 2024;T Selic 2024;Selic
Tesouro Prefixado 2024;T Prefixado 2024;Prefixado
Tesouro Selic 2023;T Selic 2023;Selic
Tesouro Prefixado com Juros Semestrais 2023;T Prefixado c JS 2023;Prefixado
Tesouro Prefixado 2023;T Prefixado 2023;Prefixado
Tesouro Prefixado 2022;T Prefixado 2022;Prefixado
Tesouro Selic 2021;T Selic 2021;Selic
Tesouro Prefixado 2021;T Prefixado 2021;Prefixado
Tesouro Prefixado com Juros Semestrais 2021;T Prefixado c JS 2021;Prefixado
Tesouro IPCA+ com Juros Semestrais 2020;T IPCA c JS 2020;Inflação
Tesouro Prefixado 2020;T Prefixado 2020;Prefixado
Tesouro IPCA+ 2019;T IPCA 2019;Inflação
Tesouro Prefixado 2019;T Prefixado 2019;Prefixado
Tesouro Prefixado 2018;T Prefixado 2018;Prefixado
Tesouro IPCA+ com Juros Semestrais 2017;T IPCA c JS 2017;Inflação
Tesouro Selic 2017;T Selic 2017;Selic
Tesouro Prefixado 2017;T Prefixado 2017;Prefixado
Tesouro Prefixado 2016;T Prefixado 2016;Prefixado
Tesouro Selic 2015;T Selic 2015;Selic
Tesouro Prefixado 2015;T Prefixado 2015;Prefixado
Tesouro Selic 2014;T Selic 2014;Selic
Tesouro Prefixado 2014;T Prefixado 2014;Prefixado
Tesouro IPCA+ com Juros Semestrais 2013;T IPCA c JS 2013;Inflação
Tesouro Selic 2013;T Selic 2013;Selic
Tesouro Prefixado com Juros Semestrais 2013;T Prefixado c JS 2013;Prefixado
Tesouro Prefixado 2013;T Prefixado 2013;Prefixado
Tesouro IPCA+ com Juros Semestrais 2012;T IPCA c JS 2012;Inflação
Tesouro Prefixado 2012;T Prefixado 2012;Prefixado
Tesouro Prefixado 2011;T Prefixado 2011;Prefixado
Tesouro Prefixado com Juros Semestrais 2011;T Prefixado c JS 2011;Prefixado
Tesouro Prefixado 2010;T Prefixado 2010;Prefixado
